League ID,Season,VAR,Rank,Matches Played,Wins,Draws,Losses,Goals For,Goals Against,Goal Difference,Points,Points per Match,PPM Share,Points Share,MUD Share,Gini,HHI,Entropy,HICB,R Entropy,HRCB,Entropy Ratio,Gini Ratio,PPM HRCB,PPM Entropy Ratio,PPM Gini Ratio
D1,1314,0.0,9.5,34.0,13.444444444444445,7.111111111111111,13.444444444444445,53.72222222222222,53.72222222222222,0.0,47.44444444444444,1.3954248366013071,0.055555555555555504,0.05555555555555551,0.05555555555555555,0.1973718449128285,0.0625846683742026,4.0818021976282095,112.6524030735648,0.9788670530564405,0.3396171351325289,0.27257346613014,0.5609515592259336,0.3396171351325289,0.27257346613014,0.5609515592259335
D1,1415,0.0,9.5,34.0,12.444444444444445,9.11111111111111,12.444444444444445,46.833333333333336,46.833333333333336,0.0,46.44444444444444,1.3660130718954249,0.055555555555555504,0.05555555555555551,0.05555555555555555,0.1505847953216374,0.06004612989629351,4.115764151011722,108.08303381332848,0.9870115528668124,0.216965644463027,0.1675254314599958,0.4279778393351801,0.2169656444630266,0.1675254314599985,0.4279778393351801
D1,1516,0.0,9.5,34.0,13.055555555555555,7.888888888888889,13.055555555555555,48.111111111111114,48.111111111111114,0.0,47.05555555555556,1.3839869281045754,0.055555555555555525,0.055555555555555525,0.05555555555555555,0.1667978486160304,0.0613638802970132,4.10097635132708,110.4549845346239,0.983465254149323,0.2806337954030624,0.2132657125452879,0.4740570434350339,0.280633795403063,0.2132657125452879,0.47405704343503374
D1,1617,0.0,9.5,34.0,12.88888888888889,8.222222222222221,12.88888888888889,48.72222222222222,48.72222222222222,0.0,46.888888888888886,1.3790849673202612,0.05555555555555548,0.055555555555555525,0.05555555555555555,0.154160084254871,0.06019350418903429,4.112806833219295,108.34830754026191,0.9863023511925848,0.224086149764925,0.1766727386976374,0.4381391868296332,0.22408614976492341,0.1766727386976374,0.4381391868296331
D1,1718,1.0,9.5,34.0,12.38888888888889,9.222222222222221,12.38888888888889,47.5,47.5,0.0,46.388888888888886,1.3643790849673203,0.055555555555555525,0.05555555555555552,0.05555555555555555,0.1578842315369261,0.060326293520742896,4.109833814239348,108.58732833733733,0.9855893841778498,0.2305019711601073,0.1858686114247968,0.44872360542073725,0.2305019711601073,0.1858686114247968,0.44872360542073747
D1,1819,1.0,9.5,34.0,12.944444444444445,8.11111111111111,12.944444444444445,54.05555555555556,54.05555555555556,0.0,46.94444444444444,1.380718954248366,0.05555555555555552,0.05555555555555552,0.05555555555555555,0.1992767915844839,0.0624417912538076,4.077369618280163,112.39522425685378,0.9778040652697264,0.3327139142629172,0.2862839186407368,0.5663656181874804,0.3327139142629176,0.2862839186407341,0.5663656181874805
D1,1920,1.0,9.5,34.0,13.222222222222221,7.555555555555555,13.222222222222221,54.55555555555556,54.55555555555556,0.0,47.22222222222222,1.3888888888888888,0.05555555555555549,0.05555555555555552,0.05555555555555555,0.185359477124183,0.0616941176470588,4.091113225365964,111.04941176470588,0.9810999535845156,0.2965894736842106,0.2437734394189212,0.526811145510836,0.2965894736842089,0.2437734394189267,0.5268111455108359
D1,2021,1.0,9.5,34.0,12.5,9.0,12.5,51.55555555555556,51.55555555555556,0.0,46.5,1.3676470588235294,0.05555555555555551,0.055555555555555504,0.05555555555555555,0.1767556086552502,0.0610974793346551,4.095488586868084,109.9754628023792,0.9821492198184664,0.2677624225901787,0.23023996796105792,0.5023580456517638,0.2677624225901794,0.2302399679610551,0.5023580456517638
D1,2122,1.0,9.5,34.0,12.944444444444445,8.11111111111111,12.944444444444445,53.0,53.0,0.0,46.94444444444444,1.380718954248366,0.055555555555555525,0.05555555555555552,0.05555555555555555,0.1723208415516108,0.0607919890760127,4.099831248261291,109.42558033682296,0.9831906441586413,0.2530024195673533,0.2168076415149651,0.4897539707256306,0.2530024195673543,0.2168076415149623,0.48975397072563037
D1,2223,1.0,9.5,34.0,12.833333333333334,8.333333333333334,12.833333333333334,53.94444444444444,53.94444444444444,0.0,46.833333333333336,1.3774509803921569,0.055555555555555525,0.05555555555555551,0.05555555555555555,0.1620535125873204,0.0601661298334339,4.1114564790094015,108.2990337001811,0.9859785194187695,0.22276353616275596,0.180849531894897,0.4605731410376477,0.222763536162759,0.1808495318948943,0.46057314103764757
D2,1314,0.0,9.5,34.0,12.11111111111111,9.777777777777779,12.11111111111111,43.611111111111114,43.611111111111114,0.0,46.111111111111114,1.3562091503267972,0.0555555555555555,0.0555555555555555,0.05555555555555555,0.1228915662650602,0.0583132530120481,4.13370886630557,104.96385542168672,0.9913149193032932,0.1332403297400124,0.112020465268941,0.3492707672796448,0.1332403297400124,0.112020465268941,0.3492707672796448
D2,1415,0.0,9.5,34.0,11.61111111111111,10.777777777777779,11.61111111111111,42.388888888888886,42.388888888888886,0.0,45.611111111111114,1.3415032679738563,0.0555555555555555,0.055555555555555525,0.05555555555555555,0.1082013804303694,0.057609255223346895,4.143822158485412,103.69665940202448,0.9937402128460653,0.0992261207911837,0.080738946931628,0.3075197128021026,0.099226120791183,0.0807389469316308,0.3075197128021027
D2,1516,0.0,9.5,34.0,12.222222222222221,9.555555555555555,12.222222222222221,44.888888888888886,44.888888888888886,0.0,46.22222222222222,1.3594771241830064,0.05555555555555551,0.05555555555555551,0.05555555555555555,0.1420940170940171,0.05926694249260351,4.122889004819855,106.6804964866864,0.9887201816324784,0.1793185899057931,0.145487479714267,0.4038461538461539,0.1793185899057921,0.1454874797142697,0.4038461538461539
D2,1617,0.0,9.5,34.0,12.11111111111111,9.777777777777779,12.11111111111111,42.27777777777778,42.27777777777778,0.0,46.111111111111114,1.3562091503267972,0.05555555555555552,0.05555555555555552,0.05555555555555555,0.1369477911646586,0.05914936855857159,4.124464429641792,106.46886340542888,0.9890979881449196,0.1736379124615125,0.1406145185083503,0.3892200380469245,0.1736379124615125,0.1406145185083503,0.3892200380469246
D2,1718,0.0,9.5,34.0,12.055555555555555,9.88888888888889,12.055555555555555,46.833333333333336,46.833333333333336,0.0,46.05555555555556,1.3545751633986929,0.05555555555555551,0.05555555555555551,0.05555555555555555,0.0824956440155475,0.0568839751993842,4.153321453043773,102.39115535889157,0.9960182621047632,0.0641836438439314,0.051356590362199,0.23446130404418758,0.0641836438439314,0.051356590362199,0.2344613040441877
D2,1819,0.0,9.5,34.0,12.11111111111111,9.777777777777779,12.11111111111111,50.22222222222222,50.22222222222222,0.0,46.111111111111114,1.3562091503267972,0.05555555555555552,0.055555555555555504,0.05555555555555555,0.11419009370816588,0.057811003048337896,4.139798021207723,104.05980548700826,0.9927751745596937,0.1089737262302219,0.0931860434661083,0.3245402663284717,0.1089737262302239,0.0931860434661056,0.3245402663284719
D2,1920,1.0,9.5,34.0,11.555555555555555,10.88888888888889,11.555555555555555,48.94444444444444,48.94444444444444,0.0,45.55555555555556,1.3398692810457515,0.05555555555555548,0.05555555555555551,0.05555555555555555,0.108130081300813,0.05767995240928019,4.143158255316035,103.82391433670438,0.9935810005894543,0.1026419111431171,0.0827924720150286,0.3073170731707316,0.1026419111431141,0.0827924720150314,0.3073170731707317
D2,2021,1.0,9.5,34.0,13.0,8.0,13.0,50.44444444444444,50.44444444444444,0.0,47.0,1.3823529411764706,0.055555555555555525,0.05555555555555551,0.05555555555555555,0.1403992645127396,0.0589116353413924,4.125047759438203,106.04094361450632,0.9892378779022197,0.1621516443893801,0.1388102156761319,0.3990294886151549,0.1621516443893808,0.1388102156761319,0.3990294886151548
D2,2122,1.0,9.5,34.0,12.222222222222221,9.555555555555555,12.222222222222221,49.55555555555556,49.55555555555556,0.0,46.22222222222222,1.3594771241830064,0.055555555555555504,0.05555555555555551,0.05555555555555555,0.1459668803418803,0.0593131703032544,4.118148580211631,106.763706545858,0.9875833687145997,0.1815521230730308,0.1601501312694536,0.4148532388663967,0.1815521230730294,0.1601501312694536,0.4148532388663968
D2,2223,1.0,9.5,34.0,12.944444444444445,8.11111111111111,12.944444444444445,50.05555555555556,50.05555555555556,0.0,46.94444444444444,1.380718954248366,0.0555555555555555,0.05555555555555551,0.05555555555555555,0.1423405654174885,0.0591141766744861,4.12415780448278,106.40551801407514,0.9890244556092251,0.1719375887988587,0.1415629436466479,0.4045468701339145,0.1719375887988577,0.1415629436466506,0.4045468701339145
E0,1314,0.0,10.5,38.0,15.1,7.8,15.1,52.6,52.6,0.0,53.1,1.3973684210526316,0.049999999999999954,0.04999999999999996,0.049999999999999954,0.1975517890772128,0.05625778033132241,4.23425471247492,112.51556066264484,0.9797142894357368,0.3397080751289315,0.2752939895741791,0.5644336830777511,0.3397080751289307,0.2752939895741819,0.5644336830777511
E0,1415,0.0,10.5,38.0,14.35,9.3,14.35,48.75,48.75,0.0,52.35,1.3776315789473685,0.04999999999999995,0.04999999999999995,0.049999999999999954,0.1713944603629417,0.0546328300533931,4.256926943349229,109.26566010678621,0.9849601497037799,0.2514964886127684,0.20410329613687866,0.4896984581798337,0.2514964886127684,0.20410329613687866,0.48969845817983354
E0,1516,0.0,10.5,38.0,13.65,10.7,13.65,51.3,51.3,0.0,51.65,1.3592105263157896,0.04999999999999997,0.049999999999999954,0.049999999999999954,0.1629719264278799,0.0542438353314484,4.256972718849541,108.48767066289687,0.9849707411572485,0.2303796322786301,0.2039595612910349,0.4656340755082288,0.2303796322786308,0.2039595612910321,0.4656340755082288
E0,1617,0.0,10.5,38.0,14.8,8.4,14.8,53.2,53.2,0.0,52.8,1.3894736842105264,0.04999999999999994,0.04999999999999994,0.049999999999999954,0.199715909090909,0.05671415863177219,4.228214463297167,113.42831726354459,0.9783167073739486,0.3644828971533532,0.294260342284779,0.5706168831168834,0.3644828971533524,0.2942603422847818,0.5706168831168835
E0,1718,0.0,10.5,38.0,14.05,9.9,14.05,50.9,50.9,0.0,52.05,1.3697368421052631,0.04999999999999996,0.04999999999999996,0.049999999999999954,0.1920749279538905,0.05644373205768109,4.235836487797686,112.88746411536235,0.9800802777835382,0.3498025974169789,0.270327222840284,0.5487855084396873,0.3498025974169793,0.2703272228402812,0.5487855084396874
E0,1819,0.0,10.5,38.0,15.45,7.1,15.45,53.6,53.6,0.0,53.45,1.4065789473684212,0.04999999999999995,0.04999999999999995,0.049999999999999954,0.210710944808232,0.05733744851285609,4.216157816059036,114.67489702571228,0.9755270618792924,0.3983186335550484,0.3321181553147291,0.602031270880663,0.3983186335550484,0.3321181553147319,0.6020312708806628
E0,1920,1.0,10.5,38.0,14.4,9.2,14.4,51.7,51.7,0.0,52.4,1.3789473684210525,0.04999999999999995,0.04999999999999995,0.049999999999999954,0.1797709923664122,0.0554655177437212,4.244935078738739,110.93103548744243,0.9821854934977509,0.2966995346591521,0.2417576920346543,0.5136314067611779,0.2966995346591517,0.2417576920346543,0.5136314067611779
E0,2021,1.0,10.5,38.0,14.85,8.3,14.85,51.2,51.2,0.0,52.85,1.3907894736842106,0.049999999999999954,0.04999999999999995,0.049999999999999954,0.1758278145695364,0.0548499036472621,4.2482374452870015,109.69980729452432,0.9829495891688864,0.2632804837085172,0.2313882773150223,0.5023651844843898,0.2632804837085172,0.23138827731501949,0.5023651844843899
E0,2122,1.0,10.5,38.0,14.6,8.8,14.6,53.55,53.55,0.0,52.6,1.3842105263157896,0.04999999999999996,0.04999999999999996,0.049999999999999954,0.1970532319391635,0.0564252049328456,4.230521766126412,112.85040986569125,0.9788505669797976,0.3487968392116194,0.2870154227488773,0.563009234111896,0.3487968392116194,0.2870154227488773,0.5630092341118962
E0,2223,1.0,10.5,38.0,14.65,8.7,14.65,54.2,54.2,0.0,52.65,1.3855263157894737,0.04999999999999995,0.04999999999999995,0.049999999999999954,0.1902659069325736,0.055669641931116995,4.241079514628157,111.33928386223415,0.9812933999631216,0.3077805619749271,0.2538641443791973,0.5436168769502104,0.3077805619749271,0.2538641443791973,0.5436168769502107
E1,1314,0.0,12.5,46.0,16.5,13.0,16.5,59.75,59.75,0.0,62.5,1.358695652173913,0.04166666666666664,0.04166666666666664,0.04166666666666665,0.1467222222222222,0.0445173333333333,4.536562428998478,106.84160000000001,0.9894437366248764,0.18882816,0.1554399485357966,0.42256,0.18882816,0.1554399485357966,0.42256
E1,1415,0.0,12.5,46.0,16.416666666666668,13.166666666666666,16.416666666666668,61.416666666666664,61.416666666666664,0.0,62.416666666666664,1.3568840579710146,0.0416666666666666,0.041666666666666616,0.04166666666666665,0.1522029372496662,0.0446790647432001,4.5309750687669,107.22975538368024,0.9882251093775,0.1995412485895749,0.17338411588793937,0.4383444592790387,0.199541248589574,0.1733841158879423,0.4383444592790387
E1,1516,0.0,12.5,46.0,15.833333333333334,14.333333333333334,15.833333333333334,55.708333333333336,55.708333333333336,0.0,61.833333333333336,1.3442028985507246,0.04166666666666662,0.04166666666666662,0.04166666666666665,0.1450471698113207,0.0444498732209152,4.536420822677768,106.67969573019668,0.9894128516785572,0.1843596021534282,0.1558947263578115,0.4177358490566038,0.1843596021534273,0.1558947263578144,0.4177358490566039
E1,1617,0.0,12.5,46.0,17.583333333333332,10.833333333333334,17.583333333333332,60.041666666666664,60.041666666666664,0.0,63.583333333333336,1.382246376811594,0.04166666666666662,0.04166666666666662,0.04166666666666665,0.1408366098733071,0.0443857367877712,4.535595222236663,106.52576829065102,0.989232784678887,0.18011120482196788,0.1585461953641364,0.4056094364351246,0.1801112048219665,0.1585461953641364,0.4056094364351248
E1,1718,0.0,12.5,46.0,16.833333333333332,12.333333333333334,16.833333333333332,58.708333333333336,58.708333333333336,0.0,62.833333333333336,1.365942028985507,0.04166666666666661,0.04166666666666661,0.04166666666666665,0.1517462422634836,0.0446275918355859,4.533914002081708,107.10622040540636,0.9888661033473188,0.19613168318921512,0.16394554220521,0.4370291777188331,0.19613168318921512,0.1639455422052071,0.4370291777188329
E1,1819,0.0,12.5,46.0,16.25,13.5,16.25,61.375,61.375,0.0,62.25,1.3532608695652175,0.04166666666666663,0.04166666666666662,0.04166666666666665,0.1463632307005801,0.0444643365967215,4.534562898350865,106.71440783213176,0.9890076304086751,0.1853176561668363,0.1618615700313494,0.4215261044176708,0.18531765616683718,0.1618615700313465,0.4215261044176708
E1,1920,0.0,12.5,46.0,16.791666666666668,12.416666666666666,16.791666666666668,60.708333333333336,60.708333333333336,0.0,62.791666666666664,1.3650362318840579,0.0416666666666666,0.041666666666666664,0.04166666666666665,0.1099037823490378,0.0432826416338881,4.557819290154853,103.87833992133149,0.9940799492772224,0.1070421818287496,0.08717216944836588,0.3165228931652291,0.1070421818287486,0.0871721694483716,0.3165228931652292
E1,2021,0.0,12.5,46.0,17.208333333333332,11.583333333333334,17.208333333333332,53.083333333333336,53.083333333333336,0.0,63.208333333333336,1.3740942028985508,0.04166666666666662,0.04166666666666662,0.04166666666666665,0.1345583388266315,0.0440479227076651,4.544760318305876,105.71501449839634,0.991231731468042,0.1577344001557393,0.1291118988720378,0.3875280158206988,0.1577344001557388,0.1291118988720378,0.3875280158206988
E1,2122,0.0,12.5,46.0,17.208333333333332,11.583333333333334,17.208333333333332,57.708333333333336,57.708333333333336,0.0,63.208333333333336,1.3740942028985508,0.04166666666666662,0.04166666666666662,0.04166666666666665,0.129614370468029,0.0438836669362257,4.54476626374747,105.32080064694178,0.9912330281943716,0.1468540978555929,0.1290928047033202,0.3732893869479235,0.1468540978555948,0.1290928047033173,0.3732893869479235
E1,2223,0.0,12.5,46.0,16.791666666666668,12.416666666666666,16.791666666666668,55.916666666666664,55.916666666666664,0.0,62.791666666666664,1.3650362318840579,0.041666666666666664,0.041666666666666664,0.04166666666666665,0.11869608493696078,0.0436718890697646,4.551915441830693,104.8125337674352,0.9927922946184914,0.1328259319812115,0.1061327586997372,0.3418447246184473,0.1328259319812151,0.1061327586997343,0.34184472461844734
E2,1314,0.0,12.5,46.0,17.083333333333332,11.833333333333334,17.083333333333332,61.375,61.375,0.0,63.083333333333336,1.3713768115942029,0.04166666666666662,0.04166666666666661,0.04166666666666665,0.1401915455746367,0.0444551862057171,4.539139092276396,106.69244689372113,0.9900057179447918,0.18471153426670286,0.1471648284159636,0.4037516512549539,0.18471153426670286,0.1471648284159636,0.4037516512549539
E2,1415,0.0,12.5,46.0,16.958333333333332,12.083333333333334,16.958333333333332,61.0,61.0,0.0,62.958333333333336,1.3686594202898552,0.04166666666666664,0.04166666666666662,0.04166666666666665,0.1174994484888594,0.0437134080935701,4.551386919277956,104.91217942456838,0.9926770215813284,0.1355761521180875,0.1078301429281779,0.33839841164791534,0.1355761521180885,0.1078301429281779,0.3383984116479153
E2,1516,0.0,12.5,46.0,17.25,11.5,17.25,60.708333333333336,60.708333333333336,0.0,63.25,1.375,0.04166666666666661,0.04166666666666662,0.04166666666666665,0.1299956082564778,0.0438184908025086,4.546611294338925,105.1643779260208,0.9916354372852124,0.1425368307581741,0.1231673700918595,0.3743873517786562,0.1425368307581741,0.1231673700918595,0.3743873517786563
E2,1617,0.0,12.5,46.0,16.583333333333332,12.833333333333334,16.583333333333332,59.041666666666664,59.041666666666664,0.0,62.583333333333336,1.3605072463768115,0.04166666666666663,0.04166666666666661,0.04166666666666665,0.1386484687083888,0.0441931840546382,4.541802850574012,106.06364173113168,0.990586695062314,0.1673565117792344,0.1386099970292323,0.39930758988015985,0.1673565117792367,0.1386099970292266,0.3993075898801599
E2,1718,0.0,12.5,46.0,16.791666666666668,12.416666666666666,16.791666666666668,58.375,58.375,0.0,62.791666666666664,1.3650362318840579,0.04166666666666661,0.041666666666666664,0.04166666666666665,0.1301426675514266,0.0440514493522596,4.545198055835115,105.72347844542325,0.9913272039019324,0.1579680050936812,0.1277060765954304,0.37481088254810874,0.1579680050936803,0.1277060765954304,0.3748108825481089
E2,1819,0.0,12.5,46.0,16.875,12.25,16.875,60.916666666666664,60.916666666666664,0.0,62.875,1.3668478260869563,0.04166666666666662,0.04166666666666662,0.04166666666666665,0.1343881157499447,0.0441806857112241,4.543254205113503,106.03364570693797,0.9909032417165696,0.1665286215114875,0.1339488784214259,0.3870377733598412,0.166528621511488,0.1339488784214259,0.3870377733598412
E2,1920,0.0,12.0,34.78260869565217,12.565217391304348,9.652173913043478,12.565217391304348,45.391304347826086,45.391304347826086,0.0,47.34782608695652,1.3604737547192791,0.04347826086956518,0.04347826086956516,0.04347826086956517,0.1487603305785124,0.04650141113952779,4.469679093723205,106.95324562091405,0.9880883996157808,0.19257181334613027,0.1725776869299526,0.4294405594405593,0.1905679380049937,0.1701209389642055,0.4274684076447596
E2,2021,0.0,12.5,46.0,17.5,11.0,17.5,60.291666666666664,60.291666666666664,0.0,63.5,1.3804347826086956,0.04166666666666662,0.04166666666666663,0.04166666666666665,0.1237970253718285,0.0436179483470078,4.550529763026264,104.68307603281876,0.9924900721239321,0.1292528985057973,0.1105829554532008,0.3565354330708661,0.1292528985057973,0.1105829554532008,0.3565354330708661
E2,2122,0.0,12.5,46.0,16.916666666666668,12.166666666666666,16.916666666666668,62.041666666666664,62.041666666666664,0.0,62.916666666666664,1.367753623188406,0.04166666666666662,0.04166666666666661,0.04166666666666665,0.1737858719646799,0.04549011008289109,4.5164109446158,109.17626419893868,0.985048611391135,0.2532648918907077,0.22015773890005277,0.5005033112582782,0.2532648918907081,0.22015773890005277,0.5005033112582784
E2,2223,0.0,12.5,46.0,17.166666666666668,11.666666666666666,17.166666666666668,58.916666666666664,58.916666666666664,0.0,63.166666666666664,1.3731884057971016,0.04166666666666661,0.041666666666666616,0.04166666666666665,0.1660070360598065,0.0453500393341733,4.521773510237815,108.84009440201612,0.9862182099693504,0.24398660549564463,0.20293551391902556,0.47810026385224286,0.24398660549564463,0.20293551391902556,0.4781002638522429
E3,1314,0.0,12.5,46.0,15.791666666666666,14.416666666666666,15.791666666666666,53.791666666666664,53.791666666666664,0.0,61.791666666666664,1.3432971014492754,0.04166666666666664,0.04166666666666661,0.04166666666666665,0.0937008316475612,0.0428897702848511,4.5644120980758425,102.93544868364272,0.9955178689810262,0.0810183836685394,0.0659989420652178,0.2698583951449764,0.0810183836685412,0.065998942065215,0.2698583951449764
E3,1415,0.0,12.5,46.0,17.208333333333332,11.583333333333334,17.208333333333332,54.875,54.875,0.0,63.208333333333336,1.3740942028985508,0.04166666666666662,0.04166666666666662,0.04166666666666665,0.1330202153372885,0.043993170783852,4.54525024799564,105.58360988124484,0.9913385872361508,0.1541076327223567,0.1275384581093988,0.3830982201713908,0.1541076327223562,0.1275384581094017,0.383098220171391
E3,1516,0.0,12.5,46.0,17.125,11.75,17.125,61.333333333333336,61.333333333333336,0.0,63.125,1.372282608695652,0.041666666666666616,0.041666666666666616,0.04166666666666665,0.1528327832783278,0.0446906076746288,4.531678879186842,107.25745841910926,0.9883786134508332,0.2003058523674153,0.1711237833809622,0.4401584158415841,0.2003058523674157,0.1711237833809622,0.4401584158415841
E3,1617,0.0,12.5,46.0,17.041666666666668,11.916666666666666,17.041666666666668,61.041666666666664,61.041666666666664,0.0,63.041666666666664,1.3704710144927537,0.04166666666666661,0.04166666666666661,0.04166666666666665,0.1170136593963428,0.0434642440116915,4.55351468940517,104.3141856280598,0.9931410973784324,0.1190715233344502,0.10099667208199288,0.33699933906146723,0.1190715233344502,0.10099667208199288,0.33699933906146723
E3,1718,0.0,12.5,46.0,17.041666666666668,11.916666666666666,17.041666666666668,60.75,60.75,0.0,63.041666666666664,1.3704710144927537,0.04166666666666661,0.04166666666666662,0.04166666666666665,0.1334820445031945,0.043947388768588,4.545638616742919,105.4737330446114,0.9914232921268056,0.1510750320312744,0.1262911868566649,0.38442828816920044,0.1510750320312726,0.1262911868566677,0.3844282881692003
E3,1819,0.0,12.5,46.0,16.833333333333332,12.333333333333334,16.833333333333332,58.708333333333336,58.708333333333336,0.0,62.833333333333336,1.365942028985507,0.0416666666666666,0.0416666666666666,0.04166666666666665,0.11311892130857641,0.0433039703368067,4.555714247196174,103.92952880833609,0.9936208303731204,0.10845499511007568,0.0939326505285926,0.3257824933687003,0.1084549951100771,0.0939326505285955,0.3257824933687003
E3,1920,0.0,12.5,36.666666666666664,12.791666666666666,11.083333333333334,12.791666666666666,46.166666666666664,46.166666666666664,0.0,49.458333333333336,1.3485047547547548,0.041666666666666616,0.04166666666666665,0.0416666666666666,0.1371454647570907,0.0441322697660487,4.540804260607804,105.91744743851712,0.9903688983047504,0.1633599708846541,0.1417310318271985,0.3951475847725234,0.1626064244949066,0.1407184928797928,0.3945073741712734
E3,2021,0.0,12.5,46.0,16.708333333333332,12.583333333333334,16.708333333333332,54.291666666666664,54.291666666666664,0.0,62.708333333333336,1.3632246376811594,0.041666666666666616,0.041666666666666616,0.04166666666666665,0.10368217054263558,0.0430339620975485,4.561143392150245,103.2815090341166,0.994804950189415,0.0905696493416186,0.0764966017332599,0.2986046511627907,0.0905696493416177,0.0764966017332599,0.2986046511627908
E3,2122,0.0,12.5,46.0,16.666666666666668,12.666666666666666,16.666666666666668,56.625,56.625,0.0,62.666666666666664,1.3623188405797102,0.04166666666666662,0.04166666666666662,0.04166666666666665,0.1371897163120567,0.0441703330126754,4.538789437269106,106.00879923042102,0.9899294566869875,0.16584285875962,0.1482877679985716,0.3951063829787233,0.165842858759621,0.1482877679985716,0.3951063829787232
E3,2223,0.0,12.5,46.0,16.333333333333332,13.333333333333334,16.333333333333332,53.916666666666664,53.916666666666664,0.0,62.333333333333336,1.355072463768116,0.04166666666666661,0.04166666666666661,0.04166666666666665,0.1260583778966132,0.0437700177299894,4.548902140265673,105.04804255197466,0.9921350806141138,0.1393259744345005,0.1158101708092343,0.36304812834224603,0.1393259744345,0.11581017080923721,0.3630481283422459
F1,1314,0.0,10.5,38.0,13.6,10.8,13.6,46.55,46.55,0.0,51.6,1.3578947368421053,0.049999999999999954,0.049999999999999954,0.049999999999999954,0.1645348837209302,0.0546372663902409,4.256344809125107,109.27453278048196,0.9848254565271832,0.2517373183273676,0.20593119473753202,0.4700996677740868,0.2517373183273687,0.20593119473753202,0.4700996677740868
F1,1415,0.0,10.5,38.0,14.6,8.8,14.6,47.35,47.35,0.0,52.6,1.3842105263157893,0.04999999999999995,0.04999999999999995,0.049999999999999954,0.1542775665399239,0.0537921612282959,4.267602603863004,107.58432245659182,0.9874302649577574,0.2058601809646353,0.1705817746293474,0.4407930472569256,0.2058601809646346,0.1705817746293474,0.4407930472569257
F1,1516,0.0,10.5,38.0,13.6,10.8,13.6,48.0,48.0,0.0,51.6,1.3578947368421053,0.049999999999999954,0.049999999999999954,0.049999999999999954,0.1451550387596899,0.05407765458806559,4.263197544339336,108.15530917613123,0.9864110301563087,0.22135839192356294,0.1844136398684167,0.41472868217054265,0.22135839192356216,0.1844136398684167,0.41472868217054265
F1,1617,0.0,10.5,38.0,14.3,9.4,14.3,49.55,49.55,0.0,52.3,1.3763157894736842,0.04999999999999995,0.04999999999999995,0.049999999999999954,0.1730401529636711,0.05533782523973689,4.251099066175764,110.6756504794738,0.9836117058968687,0.2897676558714324,0.2224028017985184,0.4944004370390604,0.289767655871432,0.2224028017985184,0.4944004370390604
F1,1718,0.0,10.5,38.0,14.2,9.6,14.2,51.65,51.65,0.0,52.2,1.3736842105263158,0.04999999999999994,0.04999999999999994,0.049999999999999954,0.178544061302682,0.055399583094787194,4.247714665062606,110.79916618957445,0.9828286292146906,0.2931202251455925,0.23302980464845252,0.5101258894362345,0.2931202251455913,0.2330298046484553,0.5101258894362344
F1,1819,1.0,10.5,38.0,13.5,11.0,13.5,48.6,48.6,0.0,51.5,1.355263157894737,0.04999999999999996,0.049999999999999954,0.049999999999999954,0.1699029126213592,0.0546535960033933,4.256682492378983,109.30719200678668,0.9849035890750792,0.2526237830413531,0.204870870981175,0.48543689320388345,0.2526237830413546,0.204870870981175,0.4854368932038834
F1,1920,1.0,10.5,27.9,10.45,7.0,10.45,35.2,35.2,0.0,38.35,1.376653439153439,0.04999999999999995,0.04999999999999995,0.04999999999999995,0.1596479791395045,0.0545055236456911,4.255357121630813,109.01104729138228,0.9845969271595936,0.2466424116404105,0.2102631852639695,0.4582155510738664,0.2584978740014459,0.21800752925779904,0.4646794224348548
F1,2021,1.0,10.5,38.0,14.25,9.5,14.25,52.45,52.45,0.0,52.25,1.375,0.04999999999999996,0.04999999999999997,0.049999999999999954,0.1684688995215311,0.0547890387124836,4.253574800859494,109.57807742496736,0.9841845369642479,0.2599763872491141,0.2146290070679234,0.4813397129186606,0.2599763872491141,0.2146290070679262,0.4813397129186604
F1,2122,1.0,10.5,38.0,13.9,10.2,13.9,53.35,53.35,0.0,51.9,1.3657894736842107,0.04999999999999996,0.04999999999999994,0.049999999999999954,0.1692678227360308,0.0544640835161734,4.257603619287676,108.92816703234692,0.985116717773306,0.24233596230655968,0.20197853701822682,0.483622350674374,0.2423359623065612,0.20197853701822682,0.483622350674374
F1,2223,1.0,10.5,38.0,14.4,9.2,14.4,53.35,53.35,0.0,52.4,1.3789473684210527,0.04999999999999995,0.04999999999999995,0.049999999999999954,0.2004770992366412,0.05617752461977741,4.227104832498458,112.3550492395548,0.9780599629824763,0.3353513365022019,0.2977445775352669,0.5727917121046894,0.3353513365022015,0.2977445775352698,0.5727917121046892
F2,1314,0.0,10.5,38.0,12.85,12.3,12.85,46.95,46.95,0.0,50.85,1.3381578947368422,0.049999999999999954,0.049999999999999954,0.049999999999999954,0.1236479842674533,0.05248726419791751,4.284659721397877,104.97452839583516,0.9913769103346324,0.1350229136012405,0.11702250946126372,0.3532799550498666,0.1350229136012402,0.1170225094612665,0.3532799550498666
F2,1415,0.0,10.5,38.0,12.75,12.5,12.75,42.75,42.75,0.0,50.75,1.3355263157894737,0.049999999999999954,0.04999999999999995,0.049999999999999954,0.12349753694581281,0.052449707588148195,4.286496568648629,104.89941517629646,0.9918019167693588,0.132984126213761,0.11125481812800268,0.3528501055594653,0.132984126213761,0.1112548181279999,0.3528501055594653
F2,1516,0.0,10.5,38.0,12.9,12.2,12.9,43.75,43.75,0.0,50.9,1.3394736842105264,0.049999999999999926,0.04999999999999995,0.049999999999999954,0.1320235756385068,0.05272868330753701,4.282659768611316,105.45736661507404,0.990914164832474,0.1481285224091529,0.12330235137476922,0.3772102161100196,0.1481285224091518,0.12330235137476922,0.3772102161100196
F2,1617,0.0,10.5,38.0,13.25,11.5,13.25,47.15,47.15,0.0,51.25,1.3486842105263157,0.049999999999999975,0.04999999999999996,0.049999999999999954,0.11741463414634139,0.0522022605591909,4.289795122684939,104.4045211183819,0.9925651303082912,0.11955128749893759,0.10089737467715018,0.3354703832752613,0.1195512874989387,0.1008973746771474,0.3354703832752614
F2,1718,0.0,10.5,38.0,14.65,8.7,14.65,51.75,51.75,0.0,52.65,1.3855263157894737,0.049999999999999975,0.049999999999999954,0.049999999999999954,0.1649097815764482,0.05431323158451991,4.258798446340533,108.62646316903992,0.985393174721831,0.2341468574453694,0.1982267859487306,0.471170804504138,0.23414685744537017,0.1982267859487251,0.47117080450413795
F2,1819,0.0,10.5,38.0,13.5,11.0,13.5,41.7,41.7,0.0,51.5,1.3552631578947367,0.04999999999999996,0.04999999999999996,0.049999999999999954,0.143883495145631,0.053367895183334804,4.274822745053431,106.73579036666976,0.9891008483251597,0.1828285956667514,0.1479105668019723,0.41109570041608895,0.1828285956667517,0.1479105668019723,0.411095700416089
F2,1920,0.0,10.5,28.0,9.8,8.4,9.8,31.05,31.05,0.0,37.8,1.35,0.04999999999999994,0.04999999999999994,0.049999999999999954,0.1445767195767195,0.053368466728255,4.272911728310019,106.73693345651013,0.9886586806857502,0.1828596223909899,0.1539111499773993,0.41307634164777,0.1828596223909899,0.1539111499773993,0.41307634164777
F2,2021,0.0,10.5,38.0,12.65,12.7,12.65,45.5,45.5,0.0,50.65,1.3328947368421054,0.04999999999999995,0.04999999999999995,0.049999999999999954,0.139634748272458,0.0533450143202532,4.273526633215576,106.69002864050655,0.9888009562840615,0.1815864916708926,0.1519803515982145,0.3989564236355944,0.1815864916708948,0.1519803515982117,0.3989564236355943
F2,2122,0.0,10.5,38.0,13.7,10.6,13.7,43.4,43.4,0.0,51.7,1.3605263157894738,0.04999999999999997,0.04999999999999997,0.049999999999999954,0.1479690522243713,0.0537059138236141,4.269248805098913,107.41182764722828,0.9878111600582231,0.2011781789961963,0.1654127108450468,0.4227687206410612,0.2011781789961963,0.1654127108450468,0.4227687206410611
F2,2223,0.0,10.5,38.0,13.85,10.3,13.85,45.8,45.8,0.0,51.85,1.3644736842105263,0.049999999999999975,0.04999999999999995,0.049999999999999954,0.11808100289296039,0.05230111710491929,4.288705205037823,104.60223420983864,0.9923129471106101,0.12491778569562,0.1043197107285937,0.3373742939798869,0.1249177856956234,0.1043197107285854,0.337374293979887
G1,1314,0.0,9.444444444444445,34.0,13.166666666666666,7.666666666666667,13.166666666666666,43.111111111111114,43.111111111111114,0.0,47.166666666666664,1.3872549019607845,0.05555555555555549,0.05555555555555551,0.05555555555555555,0.1635257165292501,0.061249915025090106,4.100381999745336,110.24984704516224,0.9833227212304964,0.2751274733175122,0.2151041069644846,0.4647572996094476,0.2751274733175109,0.2151041069644846,0.4647572996094475
G1,1415,0.0,8.5,34.0,14.0,8.8125,11.1875,45.375,37.6875,7.6875,50.8125,1.494485294117647,0.06249999999999994,0.062499999999999944,0.06249999999999997,0.1201568265682656,0.0656868930312919,3.964683288203081,105.09902885006709,0.9911708220507702,0.1349742930900108,0.1072020844371775,0.339266333839809,0.1349742930900097,0.1072020844371843,0.339266333839809
G1,1516,0.0,8.5,30.0,11.0,8.0,11.0,33.9375,33.9375,0.0,41.0,1.3666666666666667,0.06249999999999995,0.06249999999999996,0.06249999999999997,0.2046493902439024,0.0720134964306959,3.893821129461905,115.22159428911358,0.9734552823654764,0.4029245547118301,0.3223005672306663,0.5778335724533717,0.402924554711829,0.3223005672306677,0.5778335724533717
G1,1617,0.0,8.5,30.0,10.875,8.25,10.875,34.75,34.75,0.0,40.875,1.3625,0.062499999999999944,0.06249999999999995,0.06249999999999997,0.1903669724770642,0.0696396674428826,3.9193529221651615,111.42346790861228,0.9798382305412906,0.3023859152279722,0.2448001075914462,0.5375067458175931,0.3023859152279698,0.2448001075914462,0.5375067458175932
G1,1718,0.0,8.5,30.0,10.5,9.0,10.5,33.125,33.125,0.0,40.5,1.35,0.06249999999999997,0.06249999999999994,0.06249999999999997,0.2156635802469135,0.0719164380429812,3.88677665059272,115.06630086877,0.97169416264818,0.398813846526265,0.3436837249519406,0.6089324618736385,0.3988138465262661,0.3436837249519393,0.6089324618736384
G1,1819,0.0,8.5,30.0,11.5625,6.875,11.5625,34.3125,34.3125,0.0,41.5625,1.3854166666666667,0.06249999999999997,0.062499999999999965,0.06249999999999997,0.2375,0.0744756628413138,3.862818954968629,119.16106054610208,0.9657047387421572,0.5072045438674078,0.4164060928774282,0.6705882352941175,0.5072045438674083,0.4164060928774255,0.6705882352941177
G1,1920,0.0,7.5,26.0,9.571428571428571,6.857142857142857,9.571428571428571,31.714285714285715,31.714285714285715,0.0,35.57142857142857,1.3681318681318682,0.07142857142857138,0.07142857142857138,0.07142857142857137,0.210556511761331,0.0824422186738923,3.70132738592406,115.4191061434493,0.9721519169333854,0.4008967597296817,0.31414652645602664,0.5895582329317269,0.4008967597296807,0.31414652645602786,0.5895582329317269
G1,2021,1.0,7.5,26.0,9.571428571428571,6.857142857142857,9.571428571428571,29.357142857142858,29.357142857142858,0.0,35.57142857142857,1.3681318681318682,0.07142857142857138,0.07142857142857138,0.07142857142857137,0.2243258749282845,0.0828857599070982,3.693085582279408,116.0400638699376,0.9699872110382496,0.4170416606183771,0.3385659752248742,0.6281124497991968,0.4170416606183771,0.3385659752248742,0.6281124497991968
G1,2122,1.0,7.5,26.0,10.071428571428571,5.857142857142857,10.071428571428571,31.357142857142858,31.357142857142858,0.0,36.07142857142857,1.3873626373626373,0.07142857142857138,0.07142857142857138,0.07142857142857137,0.2103253182461103,0.0813841780217625,3.7038930255268094,113.93784923046756,0.9728257809821207,0.3623840799921568,0.306544852412347,0.5889108910891091,0.3623840799921568,0.306544852412347,0.5889108910891091
G1,2223,1.0,7.5,26.0,9.214285714285714,7.571428571428571,9.214285714285714,29.571428571428573,29.571428571428573,0.0,35.214285714285715,1.3543956043956042,0.0714285714285714,0.07142857142857138,0.07142857142857137,0.2473196175021733,0.0855341926936543,3.667594799180994,119.7478697711161,0.9632920687097174,0.5134446140490183,0.4140920249571294,0.6924949290060852,0.5134446140490203,0.4140920249571267,0.6924949290060851
I1,1314,0.0,10.5,38.0,14.5,9.0,14.5,51.75,51.75,0.0,52.5,1.381578947368421,0.049999999999999954,0.049999999999999954,0.049999999999999954,0.1969523809523809,0.056518820861678,4.232213375174028,113.037641723356,0.9792419684586001,0.353878846776806,0.281703778659144,0.5627210884353744,0.3538788467768056,0.281703778659144,0.5627210884353744
I1,1415,0.0,10.5,38.0,13.0,12.0,13.0,51.2,51.2,0.0,51.0,1.3421052631578947,0.04999999999999995,0.04999999999999995,0.049999999999999954,0.1651960784313725,0.0543502499038831,4.25821822588368,108.70049980776623,0.9852589243492856,0.2361564233536549,0.20004867532957143,0.4719887955182074,0.23615642335365422,0.2000486753295742,0.4719887955182072
I1,1516,0.0,10.5,38.0,14.25,9.5,14.25,48.95,48.95,0.0,52.25,1.375,0.04999999999999996,0.049999999999999954,0.049999999999999954,0.1764114832535885,0.0551754767519058,4.250746730132312,110.35095350381171,0.9835301830127035,0.280954452246318,0.2235091352420732,0.5040328092959673,0.2809544522463203,0.2235091352420704,0.5040328092959673
I1,1617,0.0,10.5,38.0,15.0,8.0,15.0,56.15,56.15,0.0,53.0,1.3947368421052633,0.049999999999999954,0.049999999999999954,0.049999999999999954,0.2136792452830188,0.0571484514061943,4.21765812094617,114.29690281238872,0.9758741997432722,0.3880587906219803,0.3274072053480267,0.6105121293800541,0.3880587906219803,0.3274072053480267,0.6105121293800541
I1,1718,1.0,10.5,38.0,14.85,8.3,14.85,50.85,50.85,0.0,52.85,1.3907894736842106,0.04999999999999995,0.04999999999999997,0.049999999999999954,0.2111163670766319,0.0571824186014039,4.219781199037644,114.36483720280796,0.9763654337584761,0.3899027240762165,0.3207407505826559,0.6031896202189486,0.3899027240762147,0.3207407505826615,0.6031896202189488
I1,1819,1.0,10.5,38.0,13.6,10.8,13.6,50.95,50.95,0.0,51.6,1.3578947368421053,0.04999999999999995,0.04999999999999995,0.049999999999999954,0.1893410852713178,0.0558259719968751,4.236952911245537,111.6519439937504,0.980338593846032,0.3162670512589389,0.2668216587048959,0.5409745293466226,0.3162670512589404,0.2668216587048959,0.5409745293466226
I1,1920,1.0,10.5,38.0,14.75,8.5,14.75,57.7,57.7,0.0,52.75,1.388157894736842,0.04999999999999995,0.04999999999999995,0.049999999999999954,0.1904739336492891,0.0557750275151052,4.236729855937865,111.55005503021043,0.980286983707507,0.3135014936771406,0.2675220512739419,0.544211238997969,0.3135014936771406,0.2675220512739419,0.544211238997969
I1,2021,1.0,10.5,38.0,14.2,9.6,14.2,58.15,58.15,0.0,52.2,1.3736842105263158,0.04999999999999996,0.049999999999999954,0.049999999999999954,0.2159961685823754,0.05741805023414219,4.214147077540808,114.8361004682844,0.9750618207938132,0.40269415556771976,0.3384318643726217,0.6171319102353587,0.40269415556771976,0.3384318643726217,0.6171319102353587
I1,2122,1.0,10.5,38.0,14.1,9.8,14.1,54.45,54.45,0.0,52.1,1.3710526315789475,0.04999999999999997,0.04999999999999996,0.049999999999999954,0.1965451055662188,0.0559642795303583,4.236031563926281,111.92855906071668,0.9801254141496031,0.3237751745051674,0.2697146847559298,0.5615574444749111,0.3237751745051689,0.269714684755927,0.5615574444749111
I1,2223,1.0,10.5,38.0,14.0,10.0,14.0,48.7,48.7,0.0,52.0,1.368421052631579,0.04999999999999996,0.04999999999999996,0.049999999999999954,0.1965384615384615,0.05596893491124259,4.232727008586248,111.93786982248521,0.9793608120397386,0.3240278951817419,0.2800909722709575,0.5615384615384618,0.3240278951817431,0.2800909722709575,0.5615384615384618
I2,1314,0.0,11.5,42.0,14.409090909090908,13.181818181818182,14.409090909090908,50.0,50.0,0.0,56.40909090909091,1.343073593073593,0.04545454545454545,0.04545454545454545,0.045454545454545414,0.1373892022562449,0.048408492800054,4.40714524465913,106.49868416011886,0.9882751035446656,0.1780074356902122,0.1662105606871374,0.39424727603965964,0.1780074356902122,0.1662105606871374,0.39424727603965964
I2,1415,0.0,11.5,42.0,13.818181818181818,14.363636363636363,13.818181818181818,48.81818181818182,48.81818181818182,0.0,55.81818181818182,1.329004329004329,0.0454545454545454,0.04545454545454541,0.045454545454545414,0.1009771986970684,0.0469686681025793,4.435984014936293,103.33106982567459,0.9947420196773483,0.09124234739891218,0.0745364243376513,0.2897606571307181,0.09124234739891181,0.0745364243376513,0.2897606571307179
I2,1516,0.0,11.5,42.0,14.909090909090908,12.181818181818182,14.909090909090908,51.09090909090909,51.09090909090909,0.0,56.90909090909091,1.354978354978355,0.04545454545454541,0.04545454545454541,0.045454545454545414,0.1332413592796979,0.0480088089089405,4.419238529748471,105.61937959966923,0.9909869480404526,0.1539221368605055,0.1277678165777824,0.3823447701069594,0.1539221368605051,0.1277678165777824,0.3823447701069594
I2,1617,0.0,11.5,42.0,13.636363636363637,14.727272727272727,13.636363636363637,46.40909090909091,46.40909090909091,0.0,55.63636363636363,1.3246753246753247,0.04545454545454541,0.0454545454545454,0.045454545454545414,0.1094771241830065,0.047178702635738305,4.432387887202403,103.79314579862444,0.9939356102419264,0.10389921100580018,0.0859679764128032,0.314151747655584,0.10389921100580059,0.0859679764128032,0.314151747655584
I2,1718,0.0,11.5,42.0,13.772727272727273,14.454545454545455,13.772727272727273,53.81818181818182,53.81818181818182,0.0,55.77272727272727,1.327922077922078,0.04545454545454541,0.045454545454545386,0.045454545454545414,0.1216937097132696,0.047637076403045,4.425708079414704,104.80156808669905,0.9924377045985744,0.1315212128095833,0.10720208605175742,0.3492080365685128,0.1315212128095833,0.1072020860517518,0.3492080365685127
I2,1819,0.0,10.0,36.0,12.105263157894736,11.789473684210526,12.105263157894736,46.68421052631579,46.68421052631579,0.0,48.10526315789474,1.3362573099415205,0.052631578947368376,0.05263157894736837,0.052631578947368376,0.1254174824369457,0.0552073507653855,4.2122588887044285,104.8939664542325,0.9916032878088727,0.1321370942642778,0.11120416613518619,0.3574398249452954,0.1321370942642782,0.11120416613518619,0.3574398249452954
I2,1920,0.0,10.5,38.0,13.9,10.2,13.9,47.75,47.75,0.0,51.9,1.3657894736842104,0.04999999999999997,0.04999999999999997,0.049999999999999954,0.1169556840077071,0.0527006507994847,4.281978059742456,105.4013015989694,0.9907564322525019,0.1466067576863127,0.1254429138701643,0.3341590971648776,0.1466067576863149,0.1254429138701643,0.3341590971648775
I2,2021,0.0,10.5,38.0,12.45,13.1,12.45,45.65,45.65,0.0,50.45,1.3276315789473685,0.04999999999999995,0.04999999999999995,0.049999999999999954,0.1374132804757185,0.053016410285625606,4.2758353193576655,106.03282057125122,0.9893351359583648,0.1637479869339618,0.1447310884667839,0.3926093727877674,0.1637479869339618,0.1447310884667839,0.3926093727877673
I2,2122,1.0,10.5,38.0,13.15,11.7,13.15,47.1,47.1,0.0,51.15,1.3460526315789474,0.04999999999999993,0.04999999999999995,0.049999999999999954,0.1662267839687194,0.054363519787793704,4.252621928277706,108.72703957558744,0.983964063008905,0.2368767884802311,0.21762102228825828,0.4749336684820558,0.23687678848022958,0.217621022288261,0.4749336684820557
I2,2223,1.0,10.5,38.0,12.9,12.2,12.9,44.55,44.55,0.0,50.9,1.3394736842105264,0.04999999999999995,0.04999999999999997,0.049999999999999954,0.1270137524557957,0.0527171039173077,4.284605886583688,105.43420783461542,0.9913644541315196,0.1474999269395617,0.1171915505130425,0.3628964355879877,0.1474999269395602,0.11719155051304811,0.3628964355879875
N1,1314,0.0,9.5,34.0,12.333333333333334,9.333333333333334,12.333333333333334,54.333333333333336,54.333333333333336,0.0,46.333333333333336,1.3627450980392155,0.0555555555555555,0.05555555555555551,0.05555555555555555,0.1544098054889421,0.05969037719464711,4.117219641561213,107.4426789503649,0.9873605976455523,0.1997771718255841,0.1630234400704427,0.4388489208633094,0.199777171825583,0.1630234400704427,0.4388489208633093
N1,1415,0.0,9.5,34.0,12.944444444444445,8.11111111111111,12.944444444444445,52.333333333333336,52.333333333333336,0.0,46.94444444444444,1.380718954248366,0.0555555555555555,0.05555555555555551,0.05555555555555555,0.1923076923076923,0.06225692377717859,4.084502929504312,112.0624627989216,0.979514722229188,0.3237818961815796,0.2642198071826739,0.5465587044534413,0.3237818961815789,0.2642198071826766,0.5465587044534412
N1,1516,0.0,9.5,34.0,12.88888888888889,8.222222222222221,12.88888888888889,50.666666666666664,50.666666666666664,0.0,46.888888888888886,1.3790849673202614,0.05555555555555549,0.05555555555555551,0.05555555555555555,0.2008952080042127,0.0630152063071359,4.073552662636376,113.42737135284472,0.9768887117220088,0.3604189152605691,0.2980901797316427,0.5709653280119731,0.3604189152605678,0.2980901797316427,0.5709653280119731
N1,1617,0.0,9.5,34.0,12.944444444444445,8.11111111111111,12.944444444444445,49.111111111111114,49.111111111111114,0.0,46.94444444444444,1.380718954248366,0.055555555555555504,0.05555555555555551,0.05555555555555555,0.1884944115713346,0.0626630720212877,4.084164425620528,112.793529638318,0.9794335447778746,0.3434052692390622,0.2652668367018019,0.5357209592027404,0.3434052692390609,0.2652668367018047,0.5357209592027404
N1,1718,0.0,9.5,34.0,12.944444444444445,8.11111111111111,12.944444444444445,53.333333333333336,53.333333333333336,0.0,46.94444444444444,1.3807189542483662,0.05555555555555551,0.05555555555555551,0.05555555555555555,0.1970414201183432,0.0627415006477364,4.081341302510858,112.93470116592556,0.9787565246615192,0.3471946102432653,0.2739990651149829,0.560012457178449,0.3471946102432646,0.2739990651149829,0.5600124571784489
N1,1819,1.0,9.5,34.0,13.666666666666666,6.666666666666667,13.666666666666666,58.94444444444444,58.94444444444444,0.0,47.666666666666664,1.4019607843137254,0.055555555555555504,0.055555555555555504,0.05555555555555555,0.184019684019684,0.06211116001325791,4.089872650794453,111.80008802386428,0.9808024483365598,0.3167392048510941,0.2476106721931201,0.5230033124769968,0.3167392048510941,0.24761067219311458,0.5230033124769968
N1,1920,1.0,9.5,25.77777777777778,10.166666666666666,5.444444444444445,10.166666666666666,39.72222222222222,39.72222222222222,0.0,35.94444444444444,1.39982905982906,0.055555555555555504,0.055555555555555525,0.055555555555555504,0.1817791516400481,0.06126241910709031,4.094084709332336,110.27235439276272,0.9818125524838588,0.2851448672818594,0.24016293433035912,0.525702980819435,0.3090369896477498,0.2579103329254662,0.5459581822164395
N1,2021,1.0,9.5,34.0,12.666666666666666,8.666666666666666,12.666666666666666,51.111111111111114,51.111111111111114,0.0,46.666666666666664,1.3725490196078431,0.055555555555555504,0.05555555555555552,0.05555555555555555,0.2092592592592592,0.0633871882086167,4.071132488207879,114.0969387755102,0.976308323722786,0.3783915145005375,0.3055760438220164,0.5947368421052631,0.3783915145005369,0.3055760438220164,0.5947368421052631
N1,2122,1.0,9.5,34.0,13.444444444444445,7.111111111111111,13.444444444444445,48.611111111111114,48.611111111111114,0.0,47.44444444444444,1.3954248366013071,0.05555555555555552,0.05555555555555551,0.05555555555555555,0.1899557637262555,0.0627327523323223,4.083399151982943,112.9189541981802,0.9792500226192458,0.3467719284774683,0.2676339117255901,0.5398742758535681,0.3467719284774689,0.2676339117255873,0.5398742758535677
N1,2223,1.0,9.5,34.0,12.944444444444445,8.11111111111111,12.944444444444445,51.94444444444444,51.94444444444444,0.0,46.94444444444444,1.380718954248366,0.05555555555555549,0.05555555555555551,0.05555555555555555,0.2204470742932281,0.0639963586709148,4.058340168482157,115.19344560764677,0.9732405659762323,0.4078240663105185,0.3451440872406131,0.6265337900965432,0.4078240663105185,0.3451440872406131,0.6265337900965431
P1,1314,0.0,8.5,30.0,11.25,7.5,11.25,35.5625,35.5625,0.0,41.25,1.375,0.06249999999999994,0.06249999999999995,0.06249999999999997,0.1926136363636363,0.0704178145087235,3.91441479101701,112.66850321395772,0.9786036977542524,0.3353427321341754,0.2597895538159466,0.5438502673796793,0.3353427321341742,0.2597895538159466,0.5438502673796793
P1,1415,0.0,9.5,34.0,12.277777777777779,9.444444444444445,12.277777777777779,42.388888888888886,42.388888888888886,0.0,46.27777777777778,1.3611111111111112,0.055555555555555504,0.055555555555555504,0.05555555555555555,0.218687474989996,0.0644267310765843,4.059735595710757,115.96811593785176,0.9735752068218392,0.4286178488581262,0.3408278782689359,0.621532823655778,0.4286178488581262,0.3408278782689359,0.621532823655778
P1,1516,0.0,9.5,34.0,12.777777777777779,8.444444444444445,12.777777777777779,46.166666666666664,46.166666666666664,0.0,46.77777777777778,1.3758169934640523,0.05555555555555553,0.05555555555555551,0.05555555555555555,0.2098178939034045,0.0641217325562369,4.067666283784617,115.41911860122656,0.9754770846904139,0.4138816045592399,0.3162973930423292,0.5963245405675708,0.4138816045592419,0.3162973930423264,0.5963245405675708
P1,1617,0.0,9.5,34.0,12.555555555555555,8.88888888888889,12.555555555555555,40.44444444444444,40.44444444444444,0.0,46.55555555555556,1.3692810457516338,0.05555555555555552,0.05555555555555551,0.05555555555555555,0.1896048793423495,0.062251866872483,4.086631197734981,112.0533603704695,0.9800251074831032,0.3235375678389185,0.257636840874523,0.5388770254993094,0.3235375678389189,0.2576368408745202,0.538877025499309
P1,1718,0.0,9.5,34.0,13.61111111111111,6.777777777777778,13.61111111111111,45.888888888888886,45.888888888888886,0.0,47.611111111111114,1.400326797385621,0.055555555555555504,0.055555555555555504,0.05555555555555555,0.2056916893556333,0.064169193504246,4.067739551255496,115.5045483076429,0.9754946551433249,0.4161747177314677,0.3160707687450117,0.5845974329054844,0.416174717731467,0.3160707687450117,0.5845974329054843
P1,1819,0.0,9.5,34.0,13.555555555555555,6.888888888888889,13.555555555555555,45.888888888888886,45.888888888888886,0.0,47.55555555555556,1.3986928104575163,0.0555555555555555,0.05555555555555551,0.05555555555555555,0.207294911734164,0.063881124989082,4.068186560628085,114.98602498034762,0.9756018535635445,0.4022564599988045,0.3146881198867622,0.5891539596655189,0.4022564599988025,0.3146881198867622,0.589153959665519
P1,1920,1.0,9.5,34.0,12.61111111111111,8.777777777777779,12.61111111111111,42.388888888888886,42.388888888888886,0.0,46.611111111111114,1.3709150326797386,0.0555555555555555,0.0555555555555555,0.05555555555555555,0.1801748112832737,0.061738462128562696,4.090872354688121,111.12923183141292,0.9810421897931383,0.2987320123168731,0.24451847875842508,0.5120757794366729,0.2987320123168708,0.2445184787584306,0.5120757794366728
P1,2021,1.0,9.5,34.0,12.722222222222221,8.555555555555555,12.722222222222221,41.05555555555556,41.05555555555556,0.0,46.72222222222222,1.3741830065359477,0.0555555555555555,0.0555555555555555,0.05555555555555555,0.1915048223014929,0.0630937350218654,4.080365148941538,113.56872303935776,0.9785224308663112,0.3642130921090769,0.2770184148218564,0.5442768633831905,0.3642130921090762,0.2770184148218592,0.5442768633831905
P1,2122,1.0,9.5,34.0,12.166666666666666,9.666666666666666,12.166666666666666,44.833333333333336,44.833333333333336,0.0,46.166666666666664,1.357843137254902,0.055555555555555525,0.055555555555555525,0.05555555555555555,0.2115924588848776,0.0649920861444535,4.059835495859011,116.98575506001644,0.9735991641228026,0.45593342529517755,0.3405188761889066,0.6013680410412313,0.4559334252951783,0.3405188761889066,0.6013680410412313
P1,2223,1.0,9.5,34.0,13.944444444444445,6.111111111111111,13.944444444444445,42.388888888888886,42.388888888888886,0.0,47.94444444444444,1.4101307189542485,0.0555555555555555,0.055555555555555504,0.05555555555555555,0.22396034504956872,0.0649691380817407,4.053360518308839,116.94444854713339,0.9720463837855225,0.45482467152831696,0.3605466896217203,0.6365188754040372,0.45482467152831624,0.3605466896217258,0.6365188754040371
SC0,1314,0.0,6.5,38.0,14.833333333333334,8.333333333333334,14.833333333333334,52.166666666666664,52.166666666666664,0.0,52.833333333333336,1.3903508771929822,0.08333333333333329,0.08333333333333329,0.0833333333333333,0.1792849631966351,0.09329876901949459,3.506088405727377,111.95852282339358,0.9779986276068685,0.3035625024399908,0.2262787306713171,0.49648143654452764,0.3035625024399908,0.2262787306713171,0.4964814365445278
SC0,1415,0.0,6.5,38.0,15.333333333333334,7.333333333333333,15.333333333333334,48.916666666666664,48.916666666666664,0.0,53.333333333333336,1.4035087719298245,0.08333333333333326,0.08333333333333333,0.0833333333333333,0.1700520833333333,0.09145996093750001,3.5180760936861586,109.751953125,0.9813425085976374,0.2475495793269232,0.1918877330286709,0.4709134615384613,0.24754957932692231,0.1918877330286722,0.4709134615384612
SC0,1516,0.0,6.5,38.0,14.666666666666666,8.666666666666666,14.666666666666666,54.166666666666664,54.166666666666664,0.0,52.666666666666664,1.3859649122807018,0.08333333333333329,0.0833333333333333,0.0833333333333333,0.1500527426160337,0.08970918122095821,3.5318831328648854,107.65101746514983,0.985193884776872,0.1942181356538036,0.1522772715718672,0.4155306718597856,0.1942181356538036,0.1522772715718685,0.4155306718597855
SC0,1617,0.0,6.5,38.0,14.166666666666666,9.666666666666666,14.166666666666666,52.333333333333336,52.333333333333336,0.0,52.166666666666664,1.3728070175438596,0.0833333333333333,0.0833333333333333,0.0833333333333333,0.1983493077742279,0.0962957670283457,3.486237283320017,115.55492043401487,0.972461297048078,0.3948556725557624,0.2832288203185304,0.5492750061440157,0.3948556725557624,0.2832288203185304,0.5492750061440157
SC0,1718,0.0,6.5,38.0,14.333333333333334,9.333333333333334,14.333333333333334,49.5,49.5,0.0,52.333333333333336,1.3771929824561404,0.08333333333333329,0.08333333333333329,0.0833333333333333,0.1833864118895966,0.09200170392308,3.509660297167168,110.40204470769606,0.9789949815266296,0.2640519041184385,0.2160314744440923,0.5078392944634978,0.2640519041184385,0.2160314744440923,0.507839294463498
SC0,1819,0.0,6.5,38.0,15.083333333333334,7.833333333333333,15.083333333333334,48.166666666666664,48.166666666666664,0.0,53.083333333333336,1.3969298245614035,0.0833333333333333,0.0833333333333333,0.0833333333333333,0.1966248037676609,0.0935088683462758,3.493569896463653,112.21064201553104,0.974506677757684,0.3099624511634798,0.2621925802858976,0.5444994565873684,0.3099624511634798,0.2621925802858976,0.5444994565873684
SC0,1920,0.0,6.5,29.833333333333332,11.083333333333334,7.666666666666667,11.083333333333334,40.833333333333336,40.833333333333336,0.0,40.916666666666664,1.3737547892720308,0.08333333333333329,0.0833333333333333,0.08333333333333331,0.2045145960624575,0.0964198754775366,3.4832675748342594,115.70385057304394,0.9716329178153357,0.4008321775312064,0.2932500924444519,0.5681282413955682,0.409389927941275,0.2997930579866473,0.5734260479059045
SC0,2021,0.0,6.5,33.0,12.416666666666666,8.166666666666666,12.416666666666666,39.583333333333336,39.583333333333336,0.0,45.416666666666664,1.3762626262626263,0.08333333333333329,0.0833333333333333,0.0833333333333333,0.2025993883792048,0.0958000168335998,3.4870751700403773,114.96002020031987,0.9726950196379772,0.3797543589311962,0.2808250406803036,0.5610444601270287,0.37975435893119575,0.2808250406803036,0.5610444601270289
SC0,2122,0.0,6.5,33.0,11.916666666666666,9.166666666666666,11.916666666666666,40.916666666666664,40.916666666666664,0.0,44.916666666666664,1.361111111111111,0.08333333333333331,0.08333333333333327,0.0833333333333333,0.1887755102040816,0.0951222114752462,3.4926376042621556,114.14665377029546,0.9742466214247908,0.359107364938269,0.2648671960261623,0.5227629513343799,0.3591073649382703,0.2648671960261623,0.5227629513343799
SC0,2223,1.0,6.5,38.0,15.666666666666666,6.666666666666667,15.666666666666666,55.833333333333336,55.833333333333336,0.0,53.666666666666664,1.412280701754386,0.0833333333333333,0.0833333333333333,0.0833333333333333,0.1896997929606625,0.0950773504108637,3.4935622717002506,114.09282049303654,0.9745045508837208,0.35774082790015865,0.2622144546641001,0.525322503583373,0.3577408279001591,0.2622144546641001,0.525322503583373
SC1,1314,0.0,5.5,36.0,14.2,7.6,14.2,51.4,51.4,0.0,50.2,1.3944444444444444,0.09999999999999999,0.09999999999999996,0.09999999999999995,0.149402390438247,0.10709353819780629,3.2690704188144912,107.09353819780638,0.9840882540009754,0.174114119400702,0.1449612854433192,0.4074610648315827,0.1741141194007033,0.144961285443318,0.4074610648315827
SC1,1415,0.0,5.5,36.0,14.2,7.6,14.2,52.5,52.5,0.0,50.2,1.3944444444444444,0.09999999999999995,0.09999999999999995,0.09999999999999995,0.2306772908366534,0.11691084268503668,3.2016993161206044,116.91084268503673,0.9638075312491573,0.41508432045090127,0.3297253986967238,0.6291198840999638,0.4150843204509009,0.3297253986967238,0.6291198840999638
SC1,1516,0.0,5.5,36.0,13.9,8.2,13.9,48.3,48.3,0.0,49.9,1.386111111111111,0.09999999999999999,0.09999999999999996,0.09999999999999995,0.20821643286573138,0.1138670125822788,3.2201300377136923,113.86701258227882,0.9693557312904083,0.3403721270195707,0.279179455471777,0.567862998724722,0.3403721270195713,0.2791794554717758,0.567862998724722
SC1,1617,0.0,5.5,36.0,12.1,11.8,12.1,46.9,46.9,0.0,48.1,1.336111111111111,0.09999999999999995,0.09999999999999996,0.09999999999999995,0.1295218295218295,0.10545856907603271,3.283681592284412,105.45856907603272,0.9884866554872712,0.1339830591389849,0.1048903885481371,0.3532413532413533,0.1339830591389828,0.1048903885481371,0.3532413532413533
SC1,1718,0.0,5.5,36.0,13.6,8.8,13.6,48.2,48.2,0.0,49.6,1.3777777777777778,0.09999999999999995,0.09999999999999995,0.09999999999999995,0.1927419354838709,0.1142202133194589,3.178241799619171,114.2202133194589,0.956746115158443,0.3490415996594457,0.3940572422054644,0.5256598240469208,0.349041599659445,0.3940572422054644,0.5256598240469208
SC1,1819,0.0,5.5,36.0,13.1,9.8,13.1,43.9,43.9,0.0,49.1,1.363888888888889,0.09999999999999996,0.09999999999999996,0.09999999999999995,0.1248472505091649,0.1052467842758243,3.285591845147219,105.2467842758243,0.9890616988982792,0.1287847049520513,0.0996515522789712,0.3404925013886317,0.1287847049520513,0.0996515522789712,0.3404925013886317
SC1,1920,0.0,5.5,27.4,10.5,6.4,10.5,36.4,36.4,0.0,37.9,1.3835673585673587,0.09999999999999995,0.09999999999999995,0.09999999999999998,0.1263852242744063,0.1056035533030262,3.283394629264992,105.60355330302627,0.9884002710107798,0.1376213462660924,0.10645857986150628,0.3450954024288945,0.1341214539253741,0.10512413183560912,0.3487544223899086
SC1,2021,0.0,5.5,27.0,9.2,8.6,9.2,38.0,38.0,0.0,36.2,1.3407407407407408,0.09999999999999995,0.09999999999999995,0.09999999999999995,0.1458563535911602,0.1070632764567625,3.2726011291339185,107.06327645676257,0.9851511037131238,0.1733713312114451,0.135278371920474,0.3977900552486187,0.1733713312114451,0.135278371920474,0.3977900552486187
SC1,2122,0.0,5.5,36.0,12.2,11.6,12.2,43.2,43.2,0.0,48.2,1.338888888888889,0.09999999999999996,0.09999999999999996,0.09999999999999995,0.1369294605809128,0.10587799796835448,3.2800085230107188,105.87799796835449,0.9873809514597379,0.1442781319505199,0.1149637191028677,0.3734439834024896,0.1442781319505209,0.11496371910286532,0.3734439834024896
SC1,2223,0.0,5.5,36.0,12.7,10.6,12.7,50.4,50.4,0.0,48.7,1.3527777777777779,0.09999999999999995,0.09999999999999995,0.09999999999999995,0.1316221765913757,0.10602987742917488,3.2758642685040713,106.02987742917496,0.9861334065435713,0.1480060823524763,0.1263292672147383,0.3589695725219339,0.148006082352476,0.1263292672147383,0.358969572521934
SP1,1314,0.0,10.5,38.0,14.7,8.6,14.7,52.25,52.25,0.0,52.7,1.3868421052631579,0.049999999999999954,0.04999999999999995,0.049999999999999954,0.1803605313092979,0.05571978439413959,4.244121441666356,111.43956878827922,0.9819972356057824,0.3105025813961504,0.24431250844025526,0.5153158037408514,0.3105025813961508,0.24431250844025526,0.5153158037408514
SP1,1415,0.0,10.5,38.0,14.45,9.1,14.45,50.45,50.45,0.0,52.45,1.3802631578947369,0.04999999999999995,0.04999999999999995,0.049999999999999954,0.2127264061010486,0.05747995503457369,4.217527202543107,114.95991006914753,0.9758439080771018,0.40605470187686177,0.3278182884897515,0.6077897317172819,0.40605470187686177,0.3278182884897515,0.6077897317172819
SP1,1516,0.0,10.5,38.0,14.4,9.2,14.4,52.15,52.15,0.0,52.4,1.3789473684210527,0.04999999999999995,0.04999999999999995,0.049999999999999954,0.1731870229007633,0.055669468562438,4.24758489387434,111.33893712487615,0.9827986029890299,0.3077711505323531,0.23343728554136,0.4948200654307528,0.3077711505323527,0.23343728554136,0.4948200654307528
SP1,1617,0.0,10.5,38.0,14.55,8.9,14.55,55.9,55.9,0.0,52.55,1.3828947368421054,0.04999999999999996,0.049999999999999954,0.049999999999999954,0.2166032350142721,0.0573175291349546,4.2152990678032936,114.63505826990922,0.9753283662423244,0.3972372958975364,0.3348146206142102,0.6188663857550635,0.3972372958975379,0.3348146206142102,0.6188663857550633
SP1,1718,0.0,10.5,38.0,14.7,8.6,14.7,51.2,51.2,0.0,52.7,1.3868421052631579,0.04999999999999995,0.04999999999999995,0.049999999999999954,0.1845351043643263,0.0556819777552938,4.237150839595049,111.36395551058766,0.9803843901538759,0.3084502210016653,0.2662001646608924,0.5272431553266472,0.3084502210016642,0.2662001646608924,0.5272431553266472
SP1,1819,1.0,10.5,38.0,13.5,11.0,13.5,49.15,49.15,0.0,51.5,1.3552631578947367,0.04999999999999996,0.04999999999999995,0.049999999999999954,0.1430097087378641,0.0534640399660665,4.274298529758867,106.92807993213307,0.9889795563269924,0.1880478838721838,0.1495566002486735,0.40859916782246886,0.1880478838721856,0.1495566002486735,0.40859916782246886
SP1,1920,1.0,10.5,38.0,13.75,10.5,13.75,47.1,47.1,0.0,51.75,1.361842105263158,0.049999999999999975,0.049999999999999954,0.049999999999999954,0.1684541062801932,0.0546150435249364,4.256819231369526,109.23008704987278,0.9849352274983805,0.2505309342108333,0.2044415112233889,0.4812974465148379,0.2505309342108344,0.2044415112233889,0.4812974465148378
SP1,2021,1.0,10.5,38.0,13.55,10.9,13.55,47.65,47.65,0.0,51.55,1.356578947368421,0.04999999999999995,0.04999999999999995,0.049999999999999954,0.1853055286129971,0.0556887787980932,4.243834887002327,111.3775575961865,0.9819309330996469,0.3088194204679198,0.24521228867595307,0.529444367465706,0.3088194204679198,0.24521228867595307,0.529444367465706
SP1,2122,1.0,10.5,38.0,13.45,11.1,13.45,47.55,47.55,0.0,51.45,1.3539473684210528,0.04999999999999997,0.04999999999999996,0.049999999999999954,0.1596209912536443,0.0541677173437749,4.264130630095465,108.33543468754985,0.9866269258712868,0.2262475129477822,0.1814837551833338,0.4560599750104125,0.2262475129477822,0.1814837551833338,0.4560599750104125
SP1,2223,1.0,10.5,38.0,14.55,8.9,14.55,47.75,47.75,0.0,52.55,1.3828947368421054,0.04999999999999995,0.04999999999999995,0.049999999999999954,0.1599904852521408,0.0543390780924514,4.261284015377931,108.67815618490297,0.9859682812443891,0.23554995359022374,0.190422111395988,0.45711567214897364,0.2355499535902233,0.190422111395988,0.45711567214897364
SP2,1314,0.0,11.5,42.0,14.772727272727273,12.454545454545455,14.772727272727273,49.0,49.0,0.0,56.77272727272727,1.3517316017316017,0.04545454545454541,0.045454545454545414,0.045454545454545414,0.0715117548584322,0.046181380652961096,4.448010016740666,101.59903743651445,0.9974387763120087,0.043799721087135,0.0363075637254382,0.2052076443763706,0.043799721087135,0.0363075637254382,0.2052076443763706
SP2,1415,0.0,11.5,42.0,14.863636363636363,12.272727272727273,14.863636363636363,51.63636363636363,51.63636363636363,0.0,56.86363636363637,1.353896103896104,0.04545454545454541,0.045454545454545414,0.045454545454545414,0.136726982050723,0.0482331960171271,4.416698966565786,106.11303123767976,0.9904174666805251,0.167443899119054,0.1358407080097019,0.3923469919716402,0.1674438991190531,0.1358407080097019,0.39234699197164
SP2,1516,0.0,11.5,42.0,14.454545454545455,13.090909090909092,14.454545454545455,47.40909090909091,47.40909090909091,0.0,56.45454545454545,1.344155844155844,0.0454545454545454,0.0454545454545454,0.045454545454545414,0.1073049333918899,0.0471008010040426,4.4324408389375485,103.62176220889374,0.9939474843415144,0.0992047909392642,0.0857996507685063,0.3079185045158581,0.0992047909392637,0.0857996507685063,0.3079185045158581
SP2,1617,0.0,11.5,42.0,14.363636363636363,13.272727272727273,14.363636363636363,47.31818181818182,47.31818181818182,0.0,56.36363636363637,1.3419913419913418,0.04545454545454541,0.04545454545454541,0.045454545454545414,0.09574780058651021,0.0468574401664932,4.437919791636405,103.08636836628511,0.9951761056474132,0.0845396552504184,0.0683828798056633,0.2747545582047687,0.0845396552504175,0.0683828798056633,0.2747545582047687
SP2,1718,0.0,11.5,42.0,15.0,12.0,15.0,48.45454545454545,48.45454545454545,0.0,57.0,1.357142857142857,0.04545454545454541,0.04545454545454541,0.045454545454545414,0.1178048426852254,0.04744752994564119,4.426333638351655,104.38456588041076,0.9925779823268696,0.12009897846342549,0.1052135277765788,0.3380486790097775,0.12009897846342589,0.1052135277765788,0.3380486790097776
SP2,1819,0.0,11.0,42.0,14.952380952380953,13.333333333333334,13.714285714285714,47.142857142857146,45.61904761904762,1.5238095238095237,58.19047619047619,1.3854875283446713,0.047619047619047554,0.047619047619047575,0.04761904761904758,0.127347829475489,0.0500507606054842,4.355275859407779,105.106597271517,0.9915667380552048,0.1392708346777363,0.1170621871888675,0.3646778753161733,0.1392708346777355,0.11706218718887029,0.3646778753161733
SP2,1920,1.0,11.5,42.0,13.863636363636363,14.272727272727273,13.863636363636363,48.04545454545455,48.04545454545455,0.0,55.86363636363637,1.3300865800865802,0.0454545454545454,0.0454545454545454,0.045454545454545414,0.0786670611731637,0.04641889355492859,4.443381225565944,102.12156582084305,0.9964007984774844,0.0581124550926571,0.0510217983896244,0.22574026249690451,0.0581124550926579,0.0510217983896244,0.22574026249690451
SP2,2021,1.0,11.5,42.0,15.0,12.0,15.0,43.13636363636363,43.13636363636363,0.0,57.0,1.3571428571428572,0.04545454545454542,0.04545454545454542,0.045454545454545414,0.12113962592431492,0.047621773005807194,4.42601860113242,104.76790061277596,0.9925073371760575,0.1305990167847333,0.10621498396606578,0.3476180570002081,0.1305990167847333,0.106214983966063,0.3476180570002081
SP2,2122,1.0,11.5,42.0,14.772727272727273,12.454545454545455,14.772727272727273,51.0,51.0,0.0,56.77272727272727,1.3517316017316017,0.04545454545454542,0.045454545454545414,0.045454545454545414,0.1429871169663003,0.0483467638802795,4.412459909937813,106.36288053661502,0.9894668844111935,0.1742875973072811,0.1493160348551639,0.41031085738155765,0.1742875973072837,0.1493160348551639,0.41031085738155765
SP2,2223,1.0,11.5,42.0,14.0,14.0,14.0,42.36363636363637,42.36363636363637,0.0,56.0,1.3333333333333333,0.04545454545454541,0.04545454545454541,0.045454545454545414,0.1157024793388429,0.04742710617304769,4.427001841165037,104.339633580705,0.9927278226810953,0.11886822416713759,0.10308941099786778,0.3320158102766799,0.11886822416713759,0.10308941099786778,0.3320158102766798
T1,1314,0.0,9.5,34.0,12.5,9.0,12.5,44.94444444444444,44.94444444444444,0.0,46.5,1.3676470588235294,0.0555555555555555,0.055555555555555504,0.05555555555555555,0.1377273330678348,0.058993475303645994,4.126576352330836,106.18825554656284,0.9896044535341804,0.1661058067761605,0.1340821107474051,0.3914355781927938,0.1661058067761605,0.1340821107474051,0.3914355781927937
T1,1415,0.0,9.5,34.0,12.333333333333334,9.333333333333334,12.333333333333334,48.5,48.5,0.0,46.333333333333336,1.3627450980392155,0.05555555555555549,0.0555555555555555,0.05555555555555555,0.1822541966426858,0.0615881395602942,4.094352440415437,110.85865120852958,0.9818767577352744,0.2914690587552676,0.23375419314711227,0.5179856115107913,0.2914690587552673,0.23375419314711227,0.5179856115107913
T1,1516,0.0,9.5,34.0,12.666666666666666,8.666666666666666,12.666666666666666,45.94444444444444,45.94444444444444,0.0,46.666666666666664,1.3725490196078431,0.05555555555555552,0.05555555555555552,0.05555555555555555,0.1768518518518518,0.061201814058956895,4.0979091230943405,110.16326530612248,0.9827296945813023,0.2728034371643402,0.2227529847906601,0.5026315789473683,0.2728034371643406,0.2227529847906601,0.5026315789473684
T1,1617,0.0,9.5,34.0,13.277777777777779,7.444444444444445,13.277777777777779,46.0,46.0,0.0,47.27777777777778,1.3905228758169936,0.05555555555555551,0.05555555555555551,0.05555555555555555,0.1670583627105366,0.060633719091799106,4.105315500586637,109.1406943652384,0.9845058362360647,0.2453554803300832,0.1998442495125339,0.47479745191415657,0.24535548033008292,0.1998442495125339,0.47479745191415657
T1,1718,0.0,9.5,34.0,13.166666666666666,7.666666666666667,13.166666666666666,50.333333333333336,50.333333333333336,0.0,47.166666666666664,1.3872549019607843,0.05555555555555552,0.05555555555555551,0.05555555555555555,0.185119748723989,0.0620268284866419,4.081704993688917,111.6482912759555,0.9788437423399989,0.3126646605651213,0.27287412854109,0.5261298121629161,0.3126646605651236,0.2728741285410845,0.5261298121629161
T1,1819,1.0,9.5,34.0,12.055555555555555,9.88888888888889,12.055555555555555,45.611111111111114,45.611111111111114,0.0,46.05555555555556,1.3545751633986929,0.0555555555555555,0.055555555555555504,0.05555555555555555,0.1326229727918509,0.0590724360158954,4.126209957143688,106.3303848286118,0.989516587400612,0.1699208559258958,0.1352154111170221,0.3769284489873657,0.1699208559258954,0.1352154111170249,0.3769284489873657
T1,1920,1.0,9.5,34.0,12.444444444444445,9.11111111111111,12.444444444444445,48.611111111111114,48.611111111111114,0.0,46.44444444444444,1.3660130718954246,0.05555555555555549,0.0555555555555555,0.05555555555555555,0.14792663476874,0.0593679174011584,4.121126524793973,106.86225132208511,0.9882975169501944,0.1841972723296532,0.150939023115602,0.4204230672374716,0.1841972723296532,0.1509390231156075,0.4204230672374716
T1,2021,1.0,11.0,40.0,14.380952380952381,11.238095238095237,14.380952380952381,54.095238095238095,54.095238095238095,0.0,54.38095238095238,1.3595238095238096,0.04761904761904758,0.04761904761904756,0.04761904761904758,0.1582019848219498,0.0514705205787002,4.335333267346093,108.08809321527049,0.9870264031608588,0.2205843604164678,0.1800866179229447,0.4530329565355835,0.22058436041646856,0.1800866179229447,0.4530329565355834
T1,2122,1.0,10.5,38.0,14.45,9.1,14.45,53.35,53.35,0.0,52.45,1.3802631578947369,0.049999999999999954,0.04999999999999995,0.049999999999999954,0.1550524308865586,0.053884901958467804,4.261536208224858,107.76980391693576,0.9860266331746832,0.2108946777453992,0.1896302270969869,0.4430069453901678,0.21089467774539877,0.1896302270969869,0.44300694539016766
T1,2223,1.0,9.0,36.0,15.117647058823529,7.882352941176471,13.0,58.294117647058826,52.11764705882353,6.176470588235294,53.23529411764706,1.4787581699346406,0.05882352941176468,0.05882352941176467,0.05882352941176466,0.1643158921026974,0.0642483440676413,4.024118762444336,109.22218491499036,0.9845028367801315,0.2459249310664097,0.1942030231233702,0.4655616942909757,0.24592493106641164,0.1942030231233702,0.4655616942909756
